{"col_names":["ball_world_x","ball_world_y","ball_world_z","ball_velocity","ball_screen_main_x","ball_screen_main_y","ball_screen_main_z","ball_ndc_main_x","ball_ndc_main_y","ball_ndc_main_z","ball_screen_along_x","ball_screen_along_y","ball_screen_along_z","ball_ndc_along_x","ball_ndc_along_y","ball_ndc_along_z","ball_screen_top_x","ball_screen_top_y","ball_screen_top_z","ball_ndc_top_x","ball_ndc_top_y","ball_ndc_top_z","fx","fy","fz","add_force_flag","trajectory_type","outside_flag","t"],"mainCameraParams":{"width":1920,"height":1080,"projectionMatrix":[0.7883363,0.0,0.0,0.0,0.0,1.40148675,0.0,0.0,0.0,0.0,-1.00019991,-0.20002,0.0,0.0,-1.0,0.0],"worldToCameraMatrix":[1.0,0.0,0.0,0.0,0.0,0.694165,0.719815969,0.8152237,0.0,0.719815969,-0.694165,-56.6337852,0.0,0.0,0.0,1.0]},"alongPitchCameraParams":{"width":1920,"height":1080,"projectionMatrix":[1.07236862,0.0,0.0,0.0,0.0,1.90643311,0.0,0.0,0.0,0.0,-1.00019991,-0.20002,0.0,0.0,-1.0,0.0],"worldToCameraMatrix":[-1.1920929E-07,-2.98023224E-08,-1.0,0.599993,0.593428969,0.804886341,-8.940697E-08,18.4043388,-0.8048864,0.593428969,1.1920929E-07,-67.93298,0.0,0.0,0.0,1.0]},"topPitchCameraParams":{"width":1920,"height":1080,"projectionMatrix":[0.974278569,0.0,0.0,0.0,0.0,1.73205078,0.0,0.0,0.0,0.0,-1.00019991,-0.20002,0.0,0.0,-1.0,0.0],"worldToCameraMatrix":[1.0,0.0,0.0,0.0,0.0,-1.1920929E-07,1.00000012,7.820129E-06,0.0,1.00000012,1.1920929E-07,-65.6000061,0.0,0.0,0.0,1.0]}}