{"cameraMode":{"drawMode":0,"name":"Shaded","section":"Shading Mode"},"sceneLighting":true,"audioPlay":false,"sceneViewState":{"showFog":true,"showMaterialUpdate":false,"showSkybox":true,"showFlares":true,"showImageEffects":true,"showParticleSystems":true},"in2DMode":false,"pivot":{"x":-1.2100000381469727,"y":11.859999656677246,"z":26.270000457763673},"rotation":{"x":-0.005769782699644566,"y":0.9814148545265198,"z":-0.18859007954597474,"w":-0.035019051283597949},"size":21.950889587402345,"orthographic":true}