{"cameraMode":{"drawMode":0,"name":"Shaded","section":"Shading Mode"},"sceneLighting":true,"audioPlay":false,"sceneViewState":{"showFog":true,"showMaterialUpdate":false,"showSkybox":true,"showFlares":true,"showImageEffects":true,"showParticleSystems":true},"in2DMode":false,"pivot":{"x":1.1500499248504639,"y":-0.08507084846496582,"z":-1.0669972896575928},"rotation":{"x":-0.07922088354825974,"y":0.9129281640052795,"z":-0.21357277035713197,"w":-0.33863383531570437},"size":6.607396125793457,"orthographic":false}